33f6262e5c683bc7ee67c693de439adb5d9e386e,3733c4ed3e0305b47cde6deba6f3d04a8639deb7
1679b047a693d2c11376f2279ef5b5f4b9f1dfd3,a193cca1b8d586a89ab8c891a99463c8e6a1429f
08703177335477b2b1bd1ab1a70766c9541272ef,276cc48e60e1fb779460634ede6cf89b540f9fff
7f62ba4442723bab6d491f55fcb4cdeb7f2b89af,649fe7b4230e815acfbb093eee6330abb4373b9d
3d6721631b54baa431efa44b2704539e86250c8f,30867fed95d1e617155990b8ea8f9531aad77b37
2561d8507dcee5f753d5ee6cdf6c44f2de1b435a,6ab32404343c5c902694cab271a44309cb99fd2f
2e076a30ea8b96776a768803dc7ed3d4f4b68019,08b400355562b324333e10d8117be9327e04633c
951d1fc5522ea82c77b3ad027f80f1475b8b5199,d41a5230df39bd4812546e1094d6438d1c5411a4
a2e3b95a2ab266359f430b9ef29fea41affac1c3,e609bcc900c7d63eeaa740099931c14e97de4cc6
f46acb7fef1c531d089cddbac429385f0ef411fe,8dbae3fe7a225504438d1ec062d2483c6093658b
8b04d7302898bab608b82bf71c30e4a22de6d9bc,7882e64cc403d9391bd999771df8d1ff9ed30869
95031dfd8eefa97f92b82eb1e66e25b9fd644ad0,37f8bd9352ae05d62ad151dc2bcbf6348e73d9a5
6e38133bb6de1117e95ac47b528384ec242ce5a4,e568ed679a94e9ec1faa35e83663df11c14e13ae
581cca5e4032251d27de07e907338d2e4d7277d9,ce1583babc2f64d6e4456ca6686308b2ab0a454f
1628f11f0c15ec40e49c581d49f6cbab86975212,a46014e2eaef5f4b6a712b2be629652a3ae271c7
e2cac1be7d36febc799cd6015af69e703e34a58e,f3ffa1e9bb89f6dc97fd6e5b25f99ee30a165552
b4b1f52a56d533113fd39dca7281a1e60393d4ce,890a0ecfae47d68fa3b59b6d996cc7f91ac27506
6c809333ff4a07089619ebea392850b7be80cbf7,ec52bfdfd0c87062d7473921f48181d62642a7ad
b93cd6d79699be0ae677a9e222d83f4775e8ced1,ce20c1bdc48f1bf89e54d2df6665c09255d5d9a3
72fc5a1fd081ad560ac39054db5446b53907a033,dab52f4eb6511d395bda6b2ddb6ca1e1c80dfe7b
50e259e881cc55a40fb14f5713aa5fe636df6129,293da62fd5094fd1cc437ea2ab7883feb1d8553c
d3bdace3a96b714b6afecc0f36f32bd2a574a85e,cfde4b7642ee672b103ee248fa88f8529747a7ca
43c64a34b6e1bd4227ea2f1c6cc89e21f12cbb19,0b6dbfc160f87a702943443c759d507e48e22985
a858272cb2dc53991103bad86b70482fef888dcf,88856660748c5a0f52f019b227268d1b074daf8e
